﻿DUNS Number,Company Name,Business Name,Year Started,Street Address,City,Status,Line of Business,URL,D3,Latitude,Longitude,Primary NAICS,Primary SIC,Sales Volume,Sales Volume Description,Total Employees,Total Employees Description,Local Employees,Local Employees Description,State of Incorporation
556959823,THOMAS ENGINEERING,,1985,9647 RATTALEE LAKE RD,CLARKSTON,Single Location,MFG CUSTOM AUTOMOBILE ENGINES CHASSIS AND PREPARATIONS,RSTHOMASENGINEERING.GENERACDEALERS.COM,,42.772029,-83.479035,336390,37140100,580184.00,Modeled,8.00,Actual,8.00,Actual,
801871518,"SMART AUTOMATION SYSTEMS, INC.",,1992,950 S ROCHESTER RD,ROCHESTER HILLS,Headquarters/Parent,MFG MOTOR VEHICLE/CAR BODIES,MI-ROCHESTER-HILLS.PACIFICA.ORG.AU,,42.667662,-83.134905,336110,37110100,2526413.00,Modeled,44.00,Actual,6.00,Actual,MI
118157575,CT CUSTOM COLLISION LLC,,2021,8330 PINEHURST ST,DETROIT,Single Location,MFG MOTOR VEHICLE/CAR BODIES,,,42.355874,-83.164889,336110,37110100,468901.00,Modeled,5.00,Actual,5.00,Actual,
828984067,OMAHA AUTOMATION INC.,,2008,8301 SAINT AUBIN ST,DETROIT,Single Location,ENGINEERING SERVICES MFG MOTOR VEHICLE/CAR BODIES,WWW.OMAHAAUTOMATION.COM,,42.383291,-83.058134,541330,87110000,411212.00,Modeled,7.00,Actual,7.00,Actual,MI
118716367,"TESLA, INC.",DETROIT-CLARKSTON,0,8105 BIG LAKE RD,CLARKSTON,Branch,MFG MOTOR VEHICLE/CAR BODIES,WWW.TESLA.COM,,42.735903,-83.450453,336110,37110000,0.00,Estimated or not available if sales value is zero,0.00,Estimated or not available if sales value is zero,2.00,Modeled,
119123381,FCA US LLC,FCA LOADING DOCK,0,800 CHRYSLER DR,AUBURN HILLS,Branch,RET NEW/USED AUTOMOBILES MFG MOTOR VEHICLE/CAR BODIES,WWW.STELLANTIS.COM,FCA,42.655203,-83.22562,441110,55110000,0.00,Estimated or not available if sales value is zero,0.00,Estimated or not available if sales value is zero,27.00,Modeled,
093498743,SALEEN,,2019,777 ENTERPRISE DR STE 100,PONTIAC,Single Location,MFG MOTOR VEHICLE/CAR BODIES,WWW.SALEEN.COM,,42.62087,-83.250355,336110,37110000,1310235.00,Modeled,6.00,Modeled,6.00,Modeled,
964826127,BIG SKY MOTORSPORTS INC,BSM TECHNOLOGIES,1992,7240 N HAGGERTY RD,CANTON,Single Location,DESIGN & FABRICATION SPECIALIST FOR THE PROTOTYPE & AFTER MARKET INDUSTRY,WWW.BSMTECH.COM,,42.33837,-83.443914,336110,37110105,184988.00,Modeled,6.00,Actual,6.00,Actual,
080163398,FCA US LLC,GREAT LAKES BUSINESS CENTER,0,719 GRISWOLD ST STE 2200,DETROIT,Branch,MFG MOTOR VEHICLES PARTS CAR BODIES AND ACCESSORIES,WWW.STELLANTIS.COM,FCA,42.331384,-83.048149,336110,37110000,0.00,Estimated or not available if sales value is zero,0.00,Estimated or not available if sales value is zero,13.00,Modeled,
120289921,FCA US LLC,CHRYSLER STERLING TEST CENTER,0,7150 METROPOLITAN PKWY,STERLING HEIGHTS,Branch,MFG MOTOR VEHICLE/CAR BODIES,WWW.STELLANTIS.COM,FCA,42.563673,-83.037357,336110,37110000,0.00,Estimated or not available if sales value is zero,0.00,Estimated or not available if sales value is zero,23.00,Modeled,
021961896,"JASCO INTERNATIONAL, LLC",,2006,7140 W FORT ST,DETROIT,Headquarters/Parent,MFG MOTOR VEHICLE BODIES TRUCK OPERATOR-NONLOCAL LOCAL TRUCK-WITH STORAGE BUSINESS SERVICES,WWW.MCLJASCO.COM,,42.303079,-83.113068,336110,37110100,7430899.00,Modeled,20.00,Actual,20.00,Actual,
793175212,ADVANCED DEFENSE VEHICLE SYSTEMS CORPORATION,ADVS,2007,6716 RIDGEVIEW DR,CLARKSTON,Single Location,MFG MOTOR VEHICLE/CAR BODIES,,,42.712304,-83.416212,336110,37110000,1743362.00,Modeled,16.00,Modeled,16.00,Modeled,
079105260,"DAKKOTA INTEGRATED SYSTEMS, L.L.C.",,0,6671 STERLING DR S,STERLING HEIGHTS,Branch,MFG MOTOR VEHICLE/CAR BODIES,WWW.DAKKOTA.COM,,42.54422,-83.040554,336110,37110100,0.00,Estimated or not available if sales value is zero,0.00,Estimated or not available if sales value is zero,24.00,Modeled,
143997075,G - TECH SALES LLC,,2002,6601 BURROUGHS AVE,STERLING HEIGHTS,Single Location,MFG MOTOR VEHICLE/CAR BODIES WHOL AUTOS/MOTOR VEHICLES,WWW.GTECHSALES.NET,,42.611347,-83.043698,336110,37110000,367018.00,Modeled,4.00,Actual,4.00,Actual,MI
928869585,FCA US LLC,ITM,0,6565 E 8 MILE RD,WARREN,Branch,MFG MOTOR VEHICLE/CAR BODIES,WWW.STELLANTIS.COM,FCA,42.458366,-83.036946,336110,37110000,0.00,Estimated or not available if sales value is zero,0.00,Estimated or not available if sales value is zero,53.00,Modeled,
079995921,"SPECTRA LMP, LLC",,2001,6501 LYNCH RD,DETROIT,Headquarters/Parent,MFG MOTOR VEHICLE/CAR BODIES,WWW.DETROITCHASSIS.COM,,42.406514,-83.033133,336110,37110105,25716837.00,Modeled,232.00,Actual,232.00,Actual,MI
832714906,ASC INC,,2009,6115 13 MILE RD,TROY,Single Location,MFG MOTOR VEHICLE/CAR BODIES,,,42.523302,-83.045068,336110,37110000,19941.00,Modeled,1.00,Modeled,1.00,Modeled,
118764985,"PALLISTER LOGISTICS, LLC",,2022,607 SHELBY ST STE 700-1006,DETROIT,Single Location,MFG MOTOR VEHICLE/CAR BODIES,,,42.329285,-83.048399,336110,37110203,230359.00,Modeled,1.00,Actual,1.00,Actual,
118801081,"DAKKOTA INTEGRATED SYSTEMS, L.L.C.",,0,5905 VAN DYKE ST,DETROIT,Branch,MFG MOTOR VEHICLE/CAR BODIES,WWW.DAKKOTASYSTEMS.COM,,42.380907,-83.021788,336110,37110100,0.00,Estimated or not available if sales value is zero,0.00,Estimated or not available if sales value is zero,13.00,Modeled,
831716902,ELEKTRIKCAR LLC,ELEKTRIKCAR,2009,5701 CHERRY LN,WEST BLOOMFIELD,Single Location,MFG MOTOR VEHICLE/CAR BODIES,WWW.ELEKTRIKCAR.COM,,42.603578,-83.395645,336110,37110000,267459.00,Modeled,2.00,Actual,2.00,Actual,MI
131263345,"TECH-TRANS UNLIMITED, CORP.",SYNERGY AUTOSPORT,1984,5499 PERRY DR STE D,WATERFORD,Single Location,MFG MOTOR VEHICLE/CAR BODIES MFG MOTOR VEHICLE PARTS/ACCESSORIES,,,42.687977,-83.39532,336110,37110100,133942.00,Modeled,9.00,Actual,9.00,Actual,MI
044940093,"JVIS - USA, LLC",JVIS MASONIC,2006,52048 SHELBY PKWY,SHELBY TOWNSHIP,Headquarters/Parent,MFG PLASTIC PRODUCTS MFG MOTOR VEHICLE/CAR BODIES,WWW.JVISUSALLC.COM,,42.678753,-83.011186,326199,30899926,226292241.00,Modeled,1030.00,Actual,18.00,Actual,MI
081360627,MOBILITY INNOVATIONS LLC,VEIGEL AUTOMOTIVE,2018,51277 CELESTE,SHELBY TOWNSHIP,Single Location,MFG MOTOR VEHICLE/CAR BODIES,WWW.MOBILITYINNOVATIONS.COM,,42.672554,-82.991678,336110,37110000,523978.00,Modeled,5.00,Actual,5.00,Actual,
118336493,"LIGHTGUIDE, INC.",,2021,48443 ALPHA DR STE 175,WIXOM,Single Location,MFG MOTOR VEHICLE/CAR BODIES,WWW.LIGHTGUIDESYS.COM,,42.497977,-83.528785,336110,37110100,3103258.00,Modeled,7.00,Actual,7.00,Actual,
119194904,THE SHYFT GROUP INC,,0,47632 HALYARD DR,PLYMOUTH,Branch,MFG MOTOR VEHICLE BODIES MFG MOTOR VEHICLE PARTS,WWW.THESHYFTGROUP.COM,,42.384739,-83.514913,336110,37110105,0.00,Estimated or not available if sales value is zero,0.00,Estimated or not available if sales value is zero,322.00,Modeled,
004121974,"COMPETITIVE PERFORMANCE, LLC",,2008,46504 ERB DR,MACOMB,Single Location,MFG MOTOR VEHICLE/CAR BODIES,WWW.COMPETITIVEPERFORMANCE.NET,,42.641809,-82.857149,336110,37110102,382689.00,Modeled,2.00,Actual,2.00,Actual,MI
101565273,SPECIAL PROJECTS INC,,1983,45901 HELM ST,PLYMOUTH,Single Location,MFG MOTOR VEHICLE/CAR BODIES STRUCTURAL METAL FABRICATION,WWW.SPECPROJ.COM,,42.390909,-83.495889,336110,37110102,4911515.00,Modeled,41.00,Modeled,41.00,Modeled,MI
007992886,GENERAL MOTORS LLC,GM ORION ASSMBLY PLANT CSCO 19,0,4555 GIDDINGS RD,LAKE ORION,Branch,MFG MOTOR VEHICLE/CAR BODIES,WWW.GM.COM,GM,42.717429,-83.260998,336110,37110100,0.00,Estimated or not available if sales value is zero,0.00,Estimated or not available if sales value is zero,99.00,Actual,
079523900,OMNICO AGV LLC,L & J OMNICO AGV,2012,44538 MACOMB INDUSTRIAL DR,CLINTON TOWNSHIP,Single Location,MFG MOTOR VEHICLE/CAR BODIES,,,42.624985,-82.881392,336110,37110203,822205.00,Modeled,10.00,Actual,10.00,Actual,
833067759,"HORSTMAN, INC.",MILAIR,2010,44215 PHOENIX DR,STERLING HEIGHTS,Single Location,MFG MOTOR VEHICLE PARTS/ACCESSORIES MFG TANKS/TANK COMPONENTS MFG MOTOR VEHICLE/CAR BODIES,WWW.HORSTMANGROUP.COM,,42.618411,-83.043813,336350,37140202,11917101.00,Modeled,32.00,Actual,32.00,Actual,
078539472,"INVENTEV, LLC",INVENTEV ENERGY,2011,440 BURROUGHS ST STE 661,DETROIT,Single Location,MFG MOTOR VEHICLE/CAR BODIES BUSINESS SERVICES AT NON-COMMERCIAL SITE,WWW.INVENTEV.COM,,42.364984,-83.072398,336110,37110100,552686.00,Modeled,6.00,Actual,6.00,Actual,MI
078859682,"ONYX MANUFACTURING, INC.",,2013,43546 PENINSULA DR,STERLING HEIGHTS,Single Location,COMPUTER SYSTEMS DESIGN MFG GENERAL INDSTL MACH MFG MOTOR VEHICLE BODIES ENGINEERING SERVICES,WWW.ONYXMFG.COM,,42.616439,-82.982374,541512,73730403,387440.00,Modeled,7.00,Actual,7.00,Actual,
828473145,FORD MOTOR COMPANY,FORD,0,41873 ECORSE RD STE 290,VAN BUREN TWP,Branch,MFG MOTOR VEHICLE/CAR BODIES,WWW.FORD.COM,FORD,42.244114,-83.452414,336110,37110100,0.00,Estimated or not available if sales value is zero,0.00,Estimated or not available if sales value is zero,2.00,Modeled,
134899777,"TECSTAR, LP",TROY TOOLING,0,417 E 2ND ST,ROCHESTER,Branch,PROVIDES,,,42.679963,-83.126744,336110,37110100,0.00,Estimated or not available if sales value is zero,0.00,Estimated or not available if sales value is zero,10.00,Actual,
060178811,THE SHYFT GROUP INC,SHYFT GROUP,1975,41280 BRIDGE ST,NOVI,Headquarters/Parent,MFG MOTOR VEHICLE BODIES & PARTS,WWW.THESHYFTGROUP.COM,,42.48387,-83.45386,336110,37110105,872198000.00,Actual,3000.00,Actual,570.00,Actual,MI
178068193,FORD MOTOR COMPANY,FORD,0,41111 VAN DYKE AVE,STERLING HEIGHTS,Branch,RET NEW/USED AUTOMOBILES MFG MOTOR VEHICLE/CAR BODIES,WWW.FORD.COM,FORD,42.599411,-83.034451,441110,55119901,0.00,Estimated or not available if sales value is zero,0.00,Estimated or not available if sales value is zero,1300.00,Actual,
119004149,"RIVIAN AUTOMOTIVE, LLC",,0,41100 PLYMOUTH RD,PLYMOUTH,Branch,MFG MOTOR VEHICLE/CAR BODIES MFG MOTOR VEHICLE PARTS/ACCESSORIES,WWW.RIVIAN.COM,,42.376097,-83.444859,336110,37110000,0.00,Actual,0.00,Estimated or not available if sales value is zero,0.00,Actual,
081040187,"METALSA STERLING HEIGHTS, INC.",,2017,40117 MITCHELL DR,STERLING HEIGHTS,Single Location,MFG MOTOR VEHICLE/CAR BODIES,WWW.METALSA.COM,,42.589025,-83.03946,336110,37110105,10632711.00,Modeled,45.00,Actual,45.00,Actual,
118487273,FCA US LLC,STELLANTIS MACK ASSEMBLY PLANT,0,4000 SAINT JEAN ST,DETROIT,Branch,MFG MOTOR VEHICLE/CAR BODIES,WWW.STELLANTIS.COM,FCA,42.383515,-82.97656,336110,37110100,0.00,Estimated or not available if sales value is zero,0.00,Estimated or not available if sales value is zero,79.00,Modeled,
119144680,LANDX MOTORS INC.,,2023,38555 HILLS TECH DR,FARMINGTON HILLS,Single Location,MFG MOTOR VEHICLE/CAR BODIES,,,42.489541,-83.427719,336110,37110104,2930807.00,Modeled,65.00,Actual,65.00,Actual,
098155158,"GM GDLS DEFENSE GROUP, L.L.C.",,1999,38500 MOUND RD,STERLING HEIGHTS,Headquarters/Parent,MFG MOTOR VEHICLES,,GM,42.575948,-83.046265,336110,37110000,1845552.00,Modeled,16.00,Modeled,16.00,Modeled,
187343116,FCA US LLC,CHRYSLER INTERNATIONAL SALES,0,38111 VAN DYKE AVE,STERLING HEIGHTS,Branch,RET NEW/USED AUTOMOBILES MFG MOTOR VEHICLE/CAR BODIES,WWW.STELLANTIS.COM,FCA,42.573333,-83.035376,441110,55119901,0.00,Estimated or not available if sales value is zero,0.00,Estimated or not available if sales value is zero,115.00,Modeled,
103938203,STAMPING PLANT,,2018,37500 VAN BORN RD,WAYNE,Single Location,MFG MOTOR VEHICLE/CAR BODIES,,,42.26958,-83.408118,336110,37110000,343765.00,Modeled,3.00,Modeled,3.00,Modeled,
118832184,ROMULUS AUTO GROUP LLC,,2021,37385 GODDARD RD,ROMULUS,Single Location,MFG MOTOR VEHICLE/CAR BODIES,,,42.216112,-83.4043,336110,37110000,716366.00,Modeled,3.00,Actual,3.00,Actual,
802089987,FCA US LLC,,0,37200 AMRHEIN RD,LIVONIA,Branch,MFG MOTOR VEHICLE/CAR BODIES,WWW.STELLANTIS.COM,FCA,42.375494,-83.409954,336110,37110000,0.00,Estimated or not available if sales value is zero,0.00,Estimated or not available if sales value is zero,20.00,Actual,
094506130,GERERAL MOTORS,,2018,3701 SLEEPY FOX DR,ROCHESTER HILLS,Single Location,MFG MOTOR VEHICLE/CAR BODIES,,GM,42.648168,-83.205468,336110,37110000,87257.00,Modeled,2.00,Modeled,2.00,Modeled,
118928594,LUXIT GROUP,,2021,37000 GRAND RIVER AVE STE 220,FARMINGTON HILLS,Headquarters/Parent,MFG MOTOR VEHICLE/CAR BODIES,WWW.LUXITGROUP.COM,,42.469339,-83.414108,336110,37110000,79352885.00,Modeled,307.00,Actual,307.00,Actual,
117888568,"NYX, LLC",,0,36930 INDUSTRIAL RD,LIVONIA,Branch,MFG MOTOR VEHICLE/CAR BODIES,WWW.NYXINC.COM,,42.379249,-83.408695,336110,37110100,0.00,Estimated or not available if sales value is zero,0.00,Estimated or not available if sales value is zero,40.00,Actual,
158495445,"TUNKERS, INC.",TUNKERS-MASTECH,1997,36200 MOUND RD,STERLING HEIGHTS,Single Location,MFG MOTOR VEHICLE/CAR BODIES,WWW.TUENKERS.DE,,42.558955,-83.047776,336110,37110100,11690027.00,Modeled,25.00,Actual,25.00,Actual,MI
117007728,"ISVISION (NORTH AMERICA) TECHNOLOGIES, INC.",,2019,3355 BALD MOUNTAIN RD STE 50,AUBURN HILLS,Single Location,BUSINESS SERV NON-COMMERCIAL SITE,,,42.601964,-83.254845,336110,37110100,270491.00,Modeled,1.00,Actual,1.00,Actual,
186382156,"EAGLE ASSEMBLIES, INC.",,1989,33275 GROESBECK HWY,FRASER,Single Location,MFG MOTOR VEHICLE PARTS/ACCESSORIES MFG MOTOR VEHICLE/CAR BODIES,,,42.542044,-82.93403,336390,37140000,995951.00,Modeled,3.00,Actual,3.00,Actual,MI
051080314,"AZ TECHNOLOGIES, INC.",,2004,33053 WHISPERING LN,CHESTERFIELD,Single Location,MFG MACHINE TOOL-CUTTING MFG DIES/TOOLS/JIGS/FIXT MFG METALWORKING MACH MFG TANK/TANK COMPONENTS MFG AIRCRAFT PARTS/EQUIP,WWW.A-Z-TECHNOLOGIES.COM,,42.62714,-82.903166,333517,35410300,492908.00,Modeled,5.00,Actual,5.00,Actual,MI
118355402,GM DEFENSE LLC,,0,3300 GENERAL MOTORS RD BLDG 32,MILFORD,Branch,MFG MOTOR VEHICLE/CAR BODIES MFG MOTOR VEHICLE PARTS/ACCESSORIES,,GM,42.576283,-83.664924,336110,37110000,0.00,Estimated or not available if sales value is zero,0.00,Estimated or not available if sales value is zero,25.00,Actual,
022168904,M M R LLC,,2018,31831 SCHOOLCRAFT RD,LIVONIA,Single Location,RET AUTO/HOME SUPPLIES MFG MOTOR VEHICLE/CAR BODIES,,,42.381974,-83.358716,441330,55310000,194114.00,Modeled,4.00,Modeled,4.00,Modeled,
619090736,SKINNY KID RACE CARS,,2005,3170 E OAKLEY PARK RD STE A,COMMERCE TOWNSHIP,Single Location,MFG MOTOR VEHICLE/CAR BODIES,WWW.SKINNYKIDRACECARS.COM,,42.570361,-83.442643,336110,37110100,484797.00,Modeled,5.00,Actual,5.00,Actual,
119433933,"IROQUOIS INDUSTRIES, INC.",,0,315 W SILVERBELL RD,LAKE ORION,Branch,MFG MOTOR VEHICLE/CAR BODIES WELDING REPAIR,WWW.IROQUOISIND.COM,,42.721974,-83.249151,336110,37110103,0.00,Actual,0.00,Estimated or not available if sales value is zero,0.00,Actual,
079883749,"SUPERALLOY NORTH AMERICA, LLC",,2013,31000 TELEGRAPH RD STE 280,BINGHAM FARMS,Single Location,MFG IRON/STEEL FORGINGS MFG MOTOR VEHICLE/CAR BODIES BLAST FURNACE-STEEL WORKS,,,42.516176,-83.284707,332111,34620102,527607.00,Modeled,10.00,Actual,10.00,Actual,
933258204,FICOSA NORTH AMERICA CORP,,1995,30890 STEPHENSON HWY,MADISON HEIGHTS,Headquarters/Parent,MFG MOTOR VEHICLE/CAR BODIES,WWW.FICOSA.COM,,42.518753,-83.118177,336110,37110000,460302772.00,Modeled,1509.00,Actual,30.00,Actual,MI
139462113,GENERAL MOTORS OVERSEAS CORPORATION,,2021,3044 W GRAND BLVD,DETROIT,Headquarters/Parent,BUSINESS CONSULTING SERVICES MFG MOTOR VEHICLE/CAR BODIES MFG MOTOR VEHICLE PARTS/ACCESSORIES,WWW.GM.COM,GM,42.368748,-83.075383,541618,87480000,627946.00,Modeled,241.00,Modeled,241.00,Modeled,
001624878,DELLA WOODS RACING ENT,,2010,302 BELLEVUE AVE,LAKE ORION,Single Location,MFG MOTOR VEHICLE/CAR BODIES,,,42.778446,-83.252173,336110,37110100,229754.00,Modeled,1.00,Actual,1.00,Actual,
118631887,FORD MOTOR COMPANY,FORD,0,3001 MILLER RD,DEARBORN,Branch,MFG MOTOR VEHICLE/CAR BODIES MFG INTERNAL COMBUSTION ENGINES,WWW.FORD.COM,FORD,42.309371,-83.15849,336110,37110000,0.00,Actual,0.00,Estimated or not available if sales value is zero,0.00,Actual,
116778211,GENERAL MOTORS LLC,GENERAL MOTORS,0,3000 UNIVERSITY DR 2ND FL,AUBURN HILLS,Branch,MFG MOTOR VEHICLE/CAR BODIES MFG MOTOR VEHICLE PARTS/ACCESSORIES,WWW.GM.COM,GM,42.667701,-83.232075,336110,37110000,0.00,Estimated or not available if sales value is zero,0.00,Estimated or not available if sales value is zero,9.00,Modeled,
117316933,"STROBE, INC.",,2019,300 RENAISSANCE CTR STE L1,DETROIT,Single Location,MFG MOTOR VEHICLE/CAR BODIES,,,42.329943,-83.039971,336110,37110000,1279336.00,Modeled,3.00,Modeled,3.00,Modeled,
080702740,MAVEN DRIVE LLC,,2016,300 RENAISSANCE CTR,DETROIT,Single Location,MFG MOTOR VEHICLE/CAR BODIES,,,42.329943,-83.039971,336110,37110000,6197754.00,Modeled,90.00,Actual,90.00,Actual,
079759397,CHASSIX HOLDINGS INC,CHASSIX,2015,300 GALLERIA OFFICENTRE STE 501,SOUTHFIELD,Single Location,MFG MOTOR VEHICLE/CAR BODIES ALUMINUM FOUNDRY,WWW.ALUDYNE.COM,,42.498618,-83.292526,336110,37110105,893330.00,Modeled,7.00,Modeled,7.00,Modeled,
118566790,FORD MOTOR COMPANY,FORD,0,29500 PLYMOUTH RD,LIVONIA,Branch,MFG MOTOR VEHICLE/CAR BODIES,WWW.FORD.COM,FORD,42.375053,-83.334008,336110,37110100,0.00,Estimated or not available if sales value is zero,0.00,Estimated or not available if sales value is zero,3.00,Modeled,
118567872,BRIGHTDROP LLC,,2021,29360 WILLIAM DURANT BLVD,WARREN,Headquarters/Parent,MFG MOTOR VEHICLE/CAR BODIES,,GM,42.508552,-83.039437,336110,37110000,32413806.00,Modeled,5511.00,Actual,5511.00,Modeled,
844148069,FORD MOTOR COMPANY,FORD,0,290 TOWN CENTER DR STE 800,DEARBORN,Branch,MFG MOTOR VEHICLE/CAR BODIES,WWW.FORD.COM,FORD,42.320746,-83.218239,336110,37110000,0.00,Estimated or not available if sales value is zero,0.00,Estimated or not available if sales value is zero,4.00,Modeled,
071734344,"DAKKOTA INTEGRATED SYSTEMS, L.L.C.",,0,2890 TECHNOLOGY DR,ROCHESTER HILLS,Branch,MFG MOTOR VEHICLE/CAR BODIES,WWW.DAKKOTA.COM,,42.640347,-83.196068,336110,37110100,0.00,Estimated or not available if sales value is zero,0.00,Estimated or not available if sales value is zero,20.00,Modeled,
111849739,"HERCULES ELECTRIC MOBILITY, INC.",HERCULES ELECTRIC VEHICLES,2018,2875 E GRAND BLVD,DETROIT,Single Location,MFG MOTOR VEHICLE/CAR BODIES,WWW.HERCULESEV.COM,,42.372996,-83.065268,336110,37110000,712950.00,Modeled,4.00,Actual,4.00,Actual,
080594875,GENERAL MOTORS LLC,GENERAL MOTORS,0,28720 LORNA AVE,WARREN,Branch,MFG MOTOR VEHICLE/CAR BODIES,WWW.GM.COM,GM,42.504316,-83.03493,336110,37110000,0.00,Estimated or not available if sales value is zero,0.00,Estimated or not available if sales value is zero,20.00,Actual,
175896377,FCA US LLC,,0,2855 COOLIDGE HWY,TROY,Branch,MFG MOTOR VEHICLE/CAR BODIES,WWW.STELLANTIS.COM,FCA,42.559014,-83.188036,336110,37110000,0.00,Estimated or not available if sales value is zero,0.00,Estimated or not available if sales value is zero,12.00,Modeled,
096999265,"TESLA, INC.",TESLA MOTORS,0,2850 W BIG BEAVER RD,TROY,Branch,MFG MOTOR VEHICLE/CAR BODIES,WWW.TESLA.COM,,42.562819,-83.185903,336110,37110000,0.00,Estimated or not available if sales value is zero,0.00,Estimated or not available if sales value is zero,2.00,Modeled,
119004100,FORD MOTOR COMPANY,,0,28301 SCHOOLCRAFT RD,LIVONIA,Branch,MFG MOTOR VEHICLE/CAR BODIES SHORT-TERM BUSINESS CREDIT INSTITUTION,WWW.FORD.COM,FORD,42.379049,-83.322679,336110,37110000,0.00,Actual,0.00,Estimated or not available if sales value is zero,0.00,Actual,
791043198,MOTHERSON SAS AUTOMOTIVE SERVICES USA INC.,SAS AUTOMOTIVE SYSTEMS,2023,2800 LIVERNOIS RD STE 570,TROY,Headquarters/Parent,MFG MOTOR VEHICLE/CAR BODIES MFG MOTOR VEHICLE PARTS/ACCESSORIES,,,42.605849,-83.047582,336110,37110100,269565206.00,Modeled,318.00,Actual,40.00,Actual,DE
360692219,ANDROID INDUSTRIES-STERLING HEIGHTS LLC,AI WARREN,2005,27767 GEORGE MERRELLI DR,WARREN,Headquarters/Parent,MFG MOTOR VEHICLE/CAR BODIES,,,42.497299,-83.036166,336110,37110000,9992964.00,Modeled,25.00,Actual,25.00,Actual,MI
117603635,AUTOMOBILI PININFARINA AMERICAS INC.,,2020,275 REX BLVD,AUBURN HILLS,Single Location,MFG MOTOR VEHICLE/CAR BODIES,,,42.638092,-83.2363,336110,37110000,1048498.00,Modeled,3.00,Modeled,3.00,Modeled,
119110603,THE ARMORED GROUP LLC,,0,2727 S BEECH DALY ST,DEARBORN HEIGHTS,Branch,MFG MOTOR VEHICLE/CAR BODIES,WWW.TAGDEFENCE.COM,,42.291185,-83.288598,336110,37110103,0.00,Estimated or not available if sales value is zero,0.00,Estimated or not available if sales value is zero,1.00,Modeled,
031709848,CRASH AVOIDANCE METRICS PARTNERSHIP,,2004,27220 HAGGERTY RD STE D-1,FARMINGTON HILLS,Single Location,COMMERCIAL NONPHYSICAL RESEARCH MFG MOTOR VEHICLE/CAR BODIES,WWW.CAMPLLC.ORG,,42.492618,-83.433308,541910,87320105,214942.00,Modeled,2.00,Actual,2.00,Actual,
876568213,"MID-WEST TRUCK ACCESSORIES, INC",,0,26425 GRAND RIVER AVE,DETROIT,Branch,AUTO BODY REPAIR/PAINTING MFG MOTOR VEHICLE/CAR BODIES,WWW.MIDWESTTRUCKACC.COM,,42.434949,-83.304721,811121,75320301,0.00,Estimated or not available if sales value is zero,0.00,Estimated or not available if sales value is zero,3.00,Actual,
617355581,FCA US LLC,CHRYSLER NAT OWNER RELATIONS,0,26311 LAWRENCE,CENTER LINE,Branch,MFG MOTOR VEHICLE/CAR BODIES,WWW.STELLANTIS.COM,FCA,42.486114,-83.033233,336110,37110000,0.00,Estimated or not available if sales value is zero,0.00,Estimated or not available if sales value is zero,9.00,Modeled,
198540994,"WOORY AMERICA, INC.",,2004,26207 GROESBECK HWY,WARREN,Headquarters/Parent,MFG MOTOR VEHICLE/CAR BODIES,,,42.507018,-83.317739,336110,37110000,1963137.00,Modeled,27.00,Actual,27.00,Actual,
828073077,"MANUFACTURING PRODUCTS AND SERVICES, INC.",,2008,260 ANN ARBOR RD W,PLYMOUTH,Single Location,MFG AUTOMOTIVE STAMPINGS MFG MOTOR VEHICLE BODIES GENERAL WAREHSE/STORAGE BUSINESS SERVICES,,,42.359528,-83.46307,336370,34650000,911777.00,Modeled,10.00,Actual,10.00,Actual,MI
119031382,"ZONGMU TECHNOLOGY CO., LTD.",,2021,25917 MEADOWBROOK RD,NOVI,Single Location,MFG MOTOR VEHICLE/CAR BODIES,,,42.480825,-83.455837,336110,37110100,1119892.00,Modeled,1.00,Modeled,1.00,Modeled,
947299504,GENERAL MOTORS LLC,GENERAL MOTORS,0,2500 E GRAND BLVD,DETROIT,Branch,MFG MOTOR VEHICLE/CAR BODIES,WWW.GM.COM,GM,42.380242,-83.046298,336110,37110000,0.00,Estimated or not available if sales value is zero,0.00,Estimated or not available if sales value is zero,2000.00,Actual,
830755182,GLOBAL RESEARCH & VEHICLE ANALYSIS LLC,,2009,24310 MILLCREEK CT,FARMINGTON HILLS,Single Location,MFG MOTOR VEHICLE/CAR BODIES,,,42.469211,-83.331969,336110,37110000,293068.00,Modeled,2.00,Actual,2.00,Actual,MI
124315062,SPECIAL ASSET AUTO GROUP LLC,,2018,24130 TELEGRAPH RD STE 301A,SOUTHFIELD,Single Location,MFG SPECIALTY AUTOMOBILES,,,42.464756,-83.277849,336110,37110100,739492.00,Modeled,1.00,Actual,1.00,Actual,
059918128,"MORRIS ASSOCIATES, INC.",MILLIKEN AND COMPANY,1973,24007 TELEGRAPH RD,SOUTHFIELD,Single Location,MFG MOTOR VEHICLE/CAR BODIES WHOL PIECE GOODS/NOTIONS,WWW.MORRISTHERMAL.COM,,42.464378,-83.279729,336110,37110100,800375.00,Modeled,15.00,Actual,15.00,Actual,MI
080163408,FCA US LLC,NATIONAL TRAINING CENTER,0,2367 E WALTON BLVD,AUBURN HILLS,Branch,MFG MOTOR VEHICLE PARTS/ACCESSORIES MFG MOTOR VEHICLE/CAR BODIES,WWW.STELLANTIS.COM,FCA,42.679457,-83.243923,336390,37140000,0.00,Estimated or not available if sales value is zero,0.00,Estimated or not available if sales value is zero,11.00,Modeled,
010455257,PRECISE CONCEPTS LLC,,2008,23530 REYNOLDS CT,CLINTON TOWNSHIP,Single Location,MFG MOTOR VEHICLE/CAR BODIES,WWW.PRECISECONCEPTSLLC.COM,,42.622258,-82.870131,336110,37110000,322502.00,Modeled,8.00,Actual,8.00,Actual,
119005299,STELLANTIS,TRENTON ECC,2023,2300 VAN HORN RD,TRENTON,Single Location,MFG MOTOR VEHICLE/CAR BODIES,,FCA,42.12852,-83.192949,336110,37110000,1288930.00,Modeled,24.00,Modeled,24.00,Modeled,
005357900,FCA US LLC,WARREN STAMPING PLANT,0,22800 MOUND RD,WARREN,Branch,MFG AUTOMOTIVE STAMPINGS MFG MOTOR VEHICLE/CAR BODIES,WWW.STELLANTIS.COM,FCA,42.460561,-83.041265,336370,34650000,0.00,Estimated or not available if sales value is zero,0.00,Estimated or not available if sales value is zero,221.00,Modeled,
830402777,"THINK NORTH AMERICA, INC.",THINK NA,2012,22226 GARRISON ST,DEARBORN,Headquarters/Parent,MFG MOTOR VEHICLE/CAR BODIES,,,42.306699,-83.249227,336110,37110000,1161238.00,Modeled,50.00,Actual,20.00,Actual,
018102868,DYNAMIC CORPORATION,DYNAMIC PROTOTYPE OPERATIONS,0,2193 EXECUTIVE HILLS DR,AUBURN HILLS,Branch,MFG MOTOR VEHICLE/CAR BODIES,WWW.DYNAMICINC.COM,,42.645017,-83.244774,336110,37110104,0.00,Estimated or not available if sales value is zero,0.00,Estimated or not available if sales value is zero,25.00,Modeled,
013797749,"TURN KEY AUTOMOTIVE, LLC",TURN KEY/REDICO,2007,2171 XCELSIOR DR,OXFORD,Single Location,MFG MOTOR VEHICLE/CAR BODIES ENGINEERING SERVICES,WWW.COPOPARTSDIRECT.COM,,42.860579,-83.290745,336110,37110100,2338886.00,Modeled,16.00,Modeled,16.00,Modeled,MI
111473547,OLD CARCO MOTORS LLC,,0,21555 SHERWOOD AVE,WARREN,Branch,MFG MOTOR VEHICLES,WWW.JEEP.COM,,42.453808,-83.035656,336110,37110000,0.00,Estimated or not available if sales value is zero,0.00,Estimated or not available if sales value is zero,33.00,Modeled,
100728727,GENERAL MOTORS LLC,GENERAL MOTORS,0,2134 HAWTHORNE RD,GROSSE POINTE WOODS,Branch,MFG MOTOR VEHICLE/CAR BODIES,WWW.GM.COM,GM,42.446762,-82.910684,336110,37110000,0.00,Estimated or not available if sales value is zero,0.00,Estimated or not available if sales value is zero,9.00,Modeled,
090125100,"MIDSTATES INDUSTRIAL GROUP, INC.",,1999,21299 CARLO DR,CLINTON TOWNSHIP,Single Location,MFG AUTOMOTIVE STAMPINGS MFG MOTOR VEHICLE/CAR BODIES ENGINEERING SERVICES,WWW.MIDSTATESIND.COM,,42.626985,-82.904664,336370,34650000,4985076.00,Modeled,24.00,Actual,24.00,Actual,
039629365,FORD MOTOR COMPANY,FORD,0,21175 OAKWOOD BLVD,DEARBORN,Branch,MFG MOTOR VEHICLE/CAR BODIES MFG TRUCK/BUS BODIES,WWW.FORD.COM,FORD,42.300386,-83.239913,336110,37110000,0.00,Estimated or not available if sales value is zero,0.00,Estimated or not available if sales value is zero,35.00,Modeled,
081239692,ASP GREDE ACQUISITIONCO LLC,,2019,20750 CIVIC CENTER DR STE 100,SOUTHFIELD,Headquarters/Parent,MFG MOTOR VEHICLE/CAR BODIES MFG MOTOR VEHICLE PARTS/ACCESSORIES,,,42.482153,-83.250858,336390,37140000,668548882.00,Modeled,3800.00,Actual,3800.00,Actual,
966552200,FCA US LLC,CHRYSLER 6231,0,20000 CONNER ST,DETROIT,Branch,MFG MOTOR VEHICLE/CAR BODIES,WWW.STELLANTIS.COM,FCA,42.443282,-83.017277,336110,37110000,0.00,Estimated or not available if sales value is zero,0.00,Estimated or not available if sales value is zero,146.00,Modeled,
078698062,"DAKKOTA INTEGRATED SYSTEMS, L.L.C.",,0,19881 BROWNSTOWN CENTER DR STE 860,BROWNSTOWN,Branch,MFG MOTOR VEHICLE/CAR BODIES,WWW.DAKKOTA.COM,,42.162662,-83.238559,336110,37110100,0.00,Estimated or not available if sales value is zero,0.00,Estimated or not available if sales value is zero,13.00,Modeled,
046674995,MAGNA STEYR L.L.C.,MAGNA STEYR NORTH AMERICA,2000,1965 RESEARCH DR STE 100,TROY,Single Location,MFG MOTOR VEHICLE/CAR BODIES,,,42.552749,-83.119904,336110,37110000,4604851.00,Modeled,16.00,Modeled,16.00,Modeled,
117600938,DUS OPERATING INC.,DURA AUTOMOTIVE SYSTEMS,2023,1780 POND RUN,AUBURN HILLS,Headquarters/Parent,MFG MOTOR VEHICLE/CAR BODIES,WWW.DURASHILOH.COM,,42.666919,-83.226085,336110,37110100,27445693.00,Modeled,2767.00,Modeled,2767.00,Actual,
006000475,SUPREME GEAR CO.,LAROSE TOOL COMPANY,1951,17430 MALYN BLVD,FRASER,Headquarters/Parent,MFG AIRCRAFT ENGINE/PART MFG MOTOR VEHICLE BODIES MFG TANK/TANK COMPONENTS MFG SURGICAL/MED INSTR MFG POWER TRANSMSN EQUIP,WWW.SUPREMEGEAR.COM,,42.549079,-82.941578,336412,37240000,8946466.00,Modeled,45.00,Actual,45.00,Actual,MI
080211120,"SIGMA MANUFACTURING SERVICES, LLC",,2015,17157 E 10 MILE RD,EASTPOINTE,Single Location,MFG MOTOR VEHICLE/CAR BODIES,,,42.480206,-82.944447,336110,37110000,549041.00,Modeled,3.00,Actual,3.00,Actual,
081556471,"XPER HOLDINGS, INC.",,2016,17000 KERCHEVAL AVE,GROSSE POINTE,Single Location,MFG MOTOR VEHICLE/CAR BODIES HOLDING COMPANY,,,42.389804,-82.916125,336110,37110000,4961183.00,Modeled,250.00,Actual,250.00,Actual,PA
784705621,OSBERN RACING,,2006,16751 RIVERVIEW ST,DETROIT,Single Location,MFG MOTOR VEHICLE/CAR BODIES,,,42.411247,-83.274963,336110,37110100,105193.00,Modeled,3.00,Actual,3.00,Actual,
045655516,"WORKHORSE CUSTOM CHASSIS, LLC",WORKHORSE,2005,1675 E WHITCOMB AVE,MADISON HEIGHTS,Headquarters/Parent,MFG MOTOR VEHICLE/CAR BODIES,,,42.526394,-83.089499,336110,37110105,4167562.00,Modeled,15.00,Modeled,15.00,Actual,
622699734,"ROUSH ENTERPRISES, INC.",ROUSH,0,16630 SOUTHFIELD RD,ALLEN PARK,Branch,MFG MOTOR VEHICLE PARTS/ACCESSORIES MFG MOTOR VEHICLE/CAR BODIES,WWW.ROUSH.COM,,42.265045,-83.215842,336390,37140000,0.00,Estimated or not available if sales value is zero,0.00,Estimated or not available if sales value is zero,1542.00,Modeled,
051626842,LEMFORDER CORP,,2012,15811 CENTENNIAL DR,NORTHVILLE,Single Location,MFG MOTOR VEHICLE/CAR BODIES,,,42.399409,-83.502322,336110,37110000,612517.00,Modeled,1.00,Modeled,1.00,Modeled,
119256573,FORD MOTOR COMPANY,,0,15575 LUNDY PKWY,DEARBORN,Branch,MFG MOTOR VEHICLE/CAR BODIES,WWW.FORD.COM,FORD,42.331327,-83.200814,336110,37110000,0.00,Estimated or not available if sales value is zero,0.00,Estimated or not available if sales value is zero,4.00,Modeled,
090187225,"GLOBAL AUTOMOTIVE SYSTEMS, LLC",,0,15500 E 12 MILE RD,ROSEVILLE,Branch,MFG MOTOR VEHICLE/CAR BODIES MFG MOTOR VEHICLE PARTS/ACCESSORIES,WWW.DURASHILOH.COM,,42.508049,-82.962971,336110,37110000,0.00,Estimated or not available if sales value is zero,0.00,Estimated or not available if sales value is zero,115.00,Modeled,
081277144,FCA US LLC,,0,151 LAFAYETTE ST,MOUNT CLEMENS,Branch,MFG MOTOR VEHICLE/CAR BODIES,WWW.STELLANTIS.COM,FCA,42.60971,-82.887272,336110,37110000,0.00,Estimated or not available if sales value is zero,0.00,Estimated or not available if sales value is zero,195.00,Actual,
079805022,"BOLLINGER MOTORS, INC.",,2022,14925 W 11 MILE RD,OAK PARK,Single Location,MFG MOTOR VEHICLE/CAR BODIES,WWW.BOLLINGERMOTORS.COM,,42.487987,-83.196504,336110,37110104,138200.00,Modeled,49.00,Actual,49.00,Actual,
961733248,NA'CAEL'S TOWING INC.,,2010,14705 CORAM ST,DETROIT,Single Location,MFG MOTOR VEHICLE/CAR BODIES,,,42.438408,-82.971535,336110,37110000,99589.00,Modeled,1.00,Actual,1.00,Actual,
781570981,FCA US LLC,CHRYSLER ELEC ELECTRONIC ENGRG,0,14250 PLYMOUTH RD,DETROIT,Branch,MFG MOTOR VEHICLE/CAR BODIES,WWW.STELLANTIS.COM,FCA,42.376301,-83.183673,336110,37110000,0.00,Estimated or not available if sales value is zero,0.00,Estimated or not available if sales value is zero,5.00,Actual,
117193683,"DAKKOTA INTEGRATED SYSTEMS, L.L.C.",,0,1420 E 10 MILE RD STE 200,HAZEL PARK,Branch,MFG MOTOR VEHICLE/CAR BODIES,WWW.DAKKOTA.COM,,42.472282,-83.092494,336110,37110100,0.00,Estimated or not available if sales value is zero,0.00,Estimated or not available if sales value is zero,20.00,Modeled,
118913519,"ENOVAPREMIER OF WARREN MICHIGAN, LLC",,2014,1420 E 10 MILE RD # 260,HAZEL PARK,Single Location,MFG MOTOR VEHICLE/CAR BODIES,,,42.471682,-83.091699,336110,37110100,7100792.00,Modeled,120.00,Actual,120.00,Actual,MI
080541484,"RIVIAN AUTOMOTIVE, LLC",,2015,13250 N HAGGERTY RD,PLYMOUTH,Headquarters/Parent,MFG MOTOR VEHICLE/CAR BODIES MFG MOTOR VEHICLE PARTS/ACCESSORIES,WWW.RIVIAN.COM,,42.37749,-83.44892,336110,37110000,560958632.00,Modeled,482.00,Actual,90.00,Actual,DE
080290916,MAHINDRA NORTH AMERICAN TECHNICAL,,2016,1322 RANKIN DR,TROY,Single Location,MFG MOTOR VEHICLE/CAR BODIES,,,42.542024,-83.125104,336110,37110000,299487.00,Modeled,1.00,Modeled,1.00,Modeled,
012180768,"JOYSONQUIN AUTOMOTIVE SYSTEMS, NORTH AMERICA, LLC",,2019,1301 W LONG LAKE RD,TROY,Single Location,MFG MOTOR VEHICLE/CAR BODIES,WWW.JOYSONQUIN.COM,,42.589088,-83.174993,336110,37110000,3186016.00,Modeled,14.00,Actual,14.00,Actual,
174549782,FCA US LLC,CHRYSLER RETAIL DEVELOPMENT,0,1272 DORIS RD STE 100,AUBURN HILLS,Branch,MFG MOTOR VEHICLE/CAR BODIES,WWW.STELLANTIS.COM,FCA,42.657745,-83.244565,336110,37110000,0.00,Estimated or not available if sales value is zero,0.00,Estimated or not available if sales value is zero,37.00,Actual,
831441691,PCM US STEERING HOLDING LLC,,2010,1272 DORIS RD,AUBURN HILLS,Headquarters/Parent,MFG MOTOR VEHICLE/CAR BODIES MFG MOTOR VEHICLE PARTS/ACCESSORIES,,,42.658583,-83.24329,336110,37110000,4566392.00,Modeled,28.00,Modeled,28.00,Actual,
078390459,DETROIT MANUFACTURING SYSTEMS LLC,DETROIT MANUFACTURING SYSTEMS,2012,12701 SOUTHFIELD FWY BLDG A,DETROIT,Headquarters/Parent,MFG MOTOR VEHICLE/CAR BODIES,WWW.DMSNA.COM,,42.382087,-83.224302,336110,37110102,1200000000.00,Estimated or not available if sales value is zero,1300.00,Actual,1300.00,Actual,MI
032842691,"MOBIS NORTH AMERICA, LLC",OMMC DETROIT PLANT,0,12575 OAKLAND PKWY,HIGHLAND PARK,Branch,MFG MOTOR VEHICLE/CAR BODIES,WWW.HYUNDAIUSA.COM,,42.402743,-83.080577,336110,37110000,0.00,Estimated or not available if sales value is zero,0.00,Estimated or not available if sales value is zero,3.00,Modeled,
958591687,GENERAL MOTORS LLC,GENERAL MOTORS,0,1251 JOSLYN AVE,PONTIAC,Branch,RET NEW/USED AUTOMOBILES WHOL AUTOS/MOTOR VEHICLES MFG MOTOR VEHICLE/CAR BODIES,WWW.GM.COM,GM,42.672329,-83.284936,441110,55119901,0.00,Estimated or not available if sales value is zero,0.00,Estimated or not available if sales value is zero,700.00,Actual,
626540959,FCA US LLC,DETROIT OFFICE & WAREHOUSE,0,12501 CHRYSLER DR,DETROIT,Branch,MFG MOTOR VEHICLE/CAR BODIES,WWW.STELLANTIS.COM,FCA,42.404802,-83.07642,336110,37110000,0.00,Estimated or not available if sales value is zero,0.00,Estimated or not available if sales value is zero,127.00,Modeled,
117253360,"ARLINGTON AUTOMOTIVE USA, INC.",,2019,121 PEYERK CT,BRUCE TWP,Single Location,MFG MOTOR VEHICLE/CAR BODIES,,,42.810477,-82.98233,336110,37110000,1239950.00,Modeled,15.00,Actual,15.00,Actual,
133357389,ZF TRW AUTOMOTIVE HOLDINGS CORP.,,2015,12001 TECH CENTER DR,LIVONIA,Headquarters/Parent,MFG MOTOR VEHICLE PARTS/ACCESSORIES MFG MOTOR VEHICLE/CAR BODIES,WWW.ZF.COM,,42.372508,-83.341918,336390,37140000,20966439441.00,Modeled,68037.00,Actual,800.00,Actual,
939801510,FCA US LLC,CHRYSLER PRODUCT LIABILITY,0,12000 CHRYSLER DR,DETROIT,Branch,MFG MOTOR VEHICLE/CAR BODIES,WWW.STELLANTIS.COM,FCA,42.403396,-83.073171,336110,37110000,0.00,Estimated or not available if sales value is zero,0.00,Estimated or not available if sales value is zero,8.00,Modeled,
118683745,"ACPS AUTOMOTIVE, INC.",,2019,1180 E BIG BEAVER RD,TROY,Single Location,MFG MOTOR VEHICLE/CAR BODIES,WWW.ACPS-AUTOMOTIVE.COM,,42.562567,-83.124464,336110,37110102,4634287.00,Modeled,6.00,Actual,6.00,Actual,
830966904,FCA US LLC,FIAT CHRYSLER AUTOMOBILES,2009,1130 TIENKEN CT STE 104,ROCHESTER HILLS,Headquarters/Parent,RET NEW/USED AUTOMOBILES MFG MOTOR VEHICLE/CAR BODIES,WWW.STELLANTIS.COM,FCA,42.697582,-83.137801,441110,55119901,947732996.00,Modeled,113221.00,Actual,113221.00,Actual,DE
102853532,DEMITRISH CONSULTING INC.,,2018,110 S HURD RD,OXFORD,Single Location,MFG MOTOR VEHICLE/CAR BODIES,,,42.851014,-83.356949,336110,37110000,75350.00,Modeled,1.00,Modeled,1.00,Modeled,MI
079714596,OMEGA ENGINEERING SOLUTIONS LLC,,2015,1057 BUCKINGHAM AVE,LINCOLN PARK,Single Location,MGMT CONSULTING SVCS MFG TRANSPORTATION EQUIP MFG MOTOR VEHICLE BODIES,WWW.OMEGAENGINEERINGSOLUTIONS.COM,,42.235508,-83.179135,541611,87420105,79998.00,Modeled,1.00,Actual,1.00,Actual,MI
081499769,"MAHINDRA NORTH AMERICAN TECHNICAL CENTER, INC.",MAHINDRA AUTOMOTIVE N AMER MFG,0,1055 W SQUARE LAKE RD,TROY,Branch,MFG MOTOR VEHICLE/CAR BODIES MFG TRUCK/BUS BODIES ENGINEERING SERVICES,,,42.605787,-83.170135,336110,37110100,0.00,Estimated or not available if sales value is zero,0.00,Estimated or not available if sales value is zero,1.00,Modeled,
617796581,TRANSGLOBAL DESIGN & MANUFACTURING LLC,TRANSGLOBAL LLC,2006,1020 DORIS RD,AUBURN HILLS,Headquarters/Parent,MFG MOTOR VEHICLE/CAR BODIES,WWW.TANSGLOBALCO.COM,,42.652307,-83.241938,336110,37110000,3619594.00,Modeled,208.00,Actual,75.00,Actual,MI
118319984,STELLANTIS FINANCE US INC.,,2017,1000 CHRYSLER DR,AUBURN HILLS,Single Location,MFG MOTOR VEHICLE/CAR BODIES,WWW.STELLANTIS.COM,FCA,42.654583,-83.229832,336110,37110000,6785226.00,Modeled,14.00,Modeled,14.00,Modeled,
080049293,ILLINOIS TOOL WORKS INC.,ITW DELTAR FASTENER,0,100 KIRTS BLVD,TROY,Branch,MFG PLASTIC PRODUCTS WHOL AUTO PARTS/SUPPLIES MFG DIES/TOOLS/JIGS/FIXT MFG MOTOR VEHICLE BODIES,WWW.ITW.COM,,42.55721,-83.149493,326199,30899926,0.00,Estimated or not available if sales value is zero,0.00,Estimated or not available if sales value is zero,21.00,Modeled,
796775125,"VISTEON INTERNATIONAL HOLDINGS, INC.",VISTEON INTERNATIONAL BUSINESS,1999,1 VILLAGE CENTER DR,BELLEVILLE,Headquarters/Parent,MFG MOTOR VEHICLE/CAR BODIES,WWW.VISTEON.COM,,42.24152,-83.433501,336110,37110000,9820925.00,Modeled,456.00,Modeled,456.00,Actual,
101417102,FORD MOTOR COMPANY,FORD,0,1 INTERNATIONAL DR,FLAT ROCK,Branch,MFG MOTOR VEHICLE/CAR BODIES,WWW.FORD.COM,FORD,42.10586,-83.247923,336110,37110100,0.00,Estimated or not available if sales value is zero,0.00,Estimated or not available if sales value is zero,29.00,Modeled,
081239672,"AAM TRAVEL SERVICES, LLC",,2012,1 DAUCH DR,DETROIT,Single Location,MFG MOTOR VEHICLE PARTS/ACCESSORIES MFG MOTOR VEHICLE/CAR BODIES,WWW.AAM.COM,,42.387883,-83.067346,336110,37110000,4411021.00,Modeled,4.00,Modeled,4.00,Modeled,MI
119126541,"BLUEOVAL SK, LLC",,2021,1 AMERICAN RD STE 120,DEARBORN,Single Location,MFG MOTOR VEHICLE/CAR BODIES,WWW.BLUEOVALSK.COM,,42.314742,-83.210579,336110,37110000,1265200.00,Modeled,69.00,Modeled,69.00,Modeled,
117263383,FORD AUTONOMOUS VEHICLES LLC,,2019,1 AMERICAN RD,DEARBORN,Single Location,MFG MOTOR VEHICLE/CAR BODIES,WWW.FORD.COM,FORD,42.317436,-83.205599,336110,37110100,3277653.00,Modeled,5.00,Modeled,5.00,Modeled,
117674284,FORD MOTOR COMPANY,FORD,0,,DEARBORN,Branch,MFG MOTOR VEHICLE/CAR BODIES,WWW.FORD.COM,FORD,42.3115,-83.1913,336110,37110100,0.00,Estimated or not available if sales value is zero,0.00,Estimated or not available if sales value is zero,59.00,Modeled,
,,,,,,,,,FORD,42.317436,-83.205599,,,9225000000.00,Estimated or not available if sales value is zero,5600.00,Actual,240.00,Modeled,
,,,,,,,,,FORD,42.314742,-83.210579,,,0.00,Estimated or not available if sales value is zero,0.00,Estimated or not available if sales value is zero,4.00,Modeled,
,,,,,,,,,FORD,42.319869,-83.219938,,,51401.00,Modeled,4.00,Modeled,4.00,Modeled,
,,,,,,,,,FORD,42.317436,-83.205599,,,53071640.00,Actual,8.00,Modeled,8.00,Modeled,
,,,,,,,,,FORD,42.317436,-83.205599,,,0.00,Estimated or not available if sales value is zero,0.00,Estimated or not available if sales value is zero,21.00,Actual,
,,,,,,,,,FORD,42.317436,-83.205599,,,0.00,Estimated or not available if sales value is zero,0.00,Estimated or not available if sales value is zero,8.00,Actual,
,,,,,,,,,FORD,42.317436,-83.205599,,,0.00,Estimated or not available if sales value is zero,0.00,Estimated or not available if sales value is zero,4.00,Modeled,
,,,,,,,,,FORD,42.317436,-83.205599,,,116685.00,Modeled,1.00,Modeled,1.00,Modeled,
,,,,,,,,,FORD,42.10586,-83.247923,,,0.00,Estimated or not available if sales value is zero,0.00,Estimated or not available if sales value is zero,29.00,Modeled,
,,,,,,,,,FORD,42.32464,-83.208939,,,0.00,Estimated or not available if sales value is zero,0.00,Estimated or not available if sales value is zero,6.00,Actual,
,,,,,,,,,FORD,42.295818,-83.201589,,,0.00,Estimated or not available if sales value is zero,0.00,Estimated or not available if sales value is zero,1.00,Actual,
,,,,,,,,,FORD,42.330303,-83.157728,,,277925.00,Modeled,2.00,Modeled,2.00,Modeled,
,,,,,,,,,FORD,42.330552,-83.163718,,,274273.00,Modeled,3.00,Actual,3.00,Actual,
,,,,,,,,,FORD,42.33063,-83.165618,,,211560.00,Modeled,3.00,Modeled,3.00,Modeled,
,,,,,,,,,FORD,42.533156,-83.146582,,,199883.00,Modeled,4.00,Modeled,4.00,Modeled,
,,,,,,,,,FORD,42.302218,-83.231075,,,0.00,Estimated or not available if sales value is zero,0.00,Estimated or not available if sales value is zero,20.00,Actual,
,,,,,,,,,FORD,42.301177,-83.110847,,,0.00,Estimated or not available if sales value is zero,0.00,Estimated or not available if sales value is zero,3000.00,Actual,
,,,,,,,,,FORD,42.372483,-83.335691,,,0.00,Estimated or not available if sales value is zero,0.00,Estimated or not available if sales value is zero,247.00,Modeled,
,,,,,,,,,FORD,42.301005,-83.231075,,,0.00,Estimated or not available if sales value is zero,0.00,Estimated or not available if sales value is zero,39.00,Modeled,
,,,,,,,,,FORD,42.328979,-83.166693,,,291373.00,Modeled,1.00,Modeled,1.00,Modeled,
,,,,,,,,,FORD,42.625337,-83.000423,,,262712.00,Modeled,1.00,Modeled,1.00,Modeled,
,,,,,,,,,FORD,42.589088,-83.174993,,,0.00,Estimated or not available if sales value is zero,0.00,Estimated or not available if sales value is zero,120.00,Actual,
,,,,,,,,,FORD,42.294697,-83.195189,,,0.00,Estimated or not available if sales value is zero,0.00,Estimated or not available if sales value is zero,1.00,Actual,
,,,,,,,,,FORD,42.374902,-83.51919,,,179745.00,Modeled,2.00,Modeled,2.00,Modeled,
,,,,,,,,,FORD,42.292526,-83.192478,,,0.00,Estimated or not available if sales value is zero,0.00,Estimated or not available if sales value is zero,7.00,Modeled,
,,,,,,,,,FORD,42.303175,-83.241903,,,277925.00,Modeled,2.00,Modeled,2.00,Modeled,
,,,,,,,,,FORD,42.526802,-83.148517,,,158049.00,Modeled,2.00,Modeled,2.00,Modeled,
,,,,,,,,,FORD,42.449601,-82.984977,,,377589.00,Modeled,45.00,Actual,45.00,Actual,
,,,,,,,,,FORD,42.643381,-82.991188,,,432761.00,Modeled,1.00,Modeled,1.00,Modeled,
,,,,,,,,,FORD,42.384515,-83.42334,,,88567.00,Modeled,3.00,Modeled,3.00,Modeled,
,,,,,,,,,FORD,42.308839,-83.177452,,,0.00,Estimated or not available if sales value is zero,0.00,Estimated or not available if sales value is zero,5.00,Modeled,
,,,,,,,,,FORD,42.320067,-83.184207,,,196907.00,Modeled,2.00,Actual,2.00,Actual,
,,,,,,,,,FORD,42.307808,-83.177712,,,0.00,Estimated or not available if sales value is zero,0.00,Estimated or not available if sales value is zero,6.00,Actual,
,,,,,,,,,FORD,42.318739,-83.18452,,,2555912.00,Modeled,100.00,Actual,100.00,Actual,
,,,,,,,,,FORD,42.273813,-83.203653,,,0.00,Estimated or not available if sales value is zero,0.00,Estimated or not available if sales value is zero,51.00,Modeled,
,,,,,,,,,FORD,42.310113,-83.184819,,,0.00,Estimated or not available if sales value is zero,0.00,Estimated or not available if sales value is zero,54.00,Modeled,
,,,,,,,,,FORD,42.247183,-83.207063,,,408028.00,Modeled,4.00,Modeled,4.00,Modeled,
,,,,,,,,,FORD,42.306279,-83.183174,,,0.00,Estimated or not available if sales value is zero,0.00,Estimated or not available if sales value is zero,3.00,Modeled,
,,,,,,,,,FORD,42.306819,-83.179638,,,0.00,Estimated or not available if sales value is zero,0.00,Estimated or not available if sales value is zero,3.00,Modeled,
,,,,,,,,,FORD,42.305878,-83.18078,,,0.00,Estimated or not available if sales value is zero,0.00,Estimated or not available if sales value is zero,20.00,Actual,
,,,,,,,,,FORD,42.308947,-83.182823,,,0.00,Estimated or not available if sales value is zero,0.00,Estimated or not available if sales value is zero,125.00,Actual,
,,,,,,,,,FORD,42.310957,-83.184528,,,0.00,Estimated or not available if sales value is zero,0.00,Estimated or not available if sales value is zero,5.00,Modeled,
,,,,,,,,,FORD,42.308379,-83.185778,,,0.00,Estimated or not available if sales value is zero,0.00,Estimated or not available if sales value is zero,60.00,Actual,
,,,,,,,,,FORD,42.291426,-83.19457,,,170652.00,Modeled,2.00,Modeled,2.00,Modeled,
,,,,,,,,,FORD,42.302933,-83.182566,,,127592.00,Modeled,3.00,Modeled,3.00,Modeled,
,,,,,,,,,FORD,42.578208,-83.11765,,,86726.00,Modeled,2.00,Modeled,2.00,Modeled,
,,,,,,,,,FORD,42.292048,-83.194158,,,468807.00,Modeled,6.00,Actual,6.00,Actual,
,,,,,,,,,FORD,42.292048,-83.194158,,,0.00,Estimated or not available if sales value is zero,0.00,Estimated or not available if sales value is zero,12.00,Modeled,
,,,,,,,,,FORD,42.330552,-83.199315,,,0.00,Estimated or not available if sales value is zero,0.00,Estimated or not available if sales value is zero,311.00,Modeled,
,,,,,,,,,FORD,42.331327,-83.200814,,,0.00,Estimated or not available if sales value is zero,0.00,Estimated or not available if sales value is zero,4.00,Modeled,
,,,,,,,,,FORD,42.212354,-83.151407,,,291373.00,Modeled,2.00,Modeled,2.00,Modeled,
,,,,,,,,,FORD,42.335492,-83.201546,,,0.00,Estimated or not available if sales value is zero,0.00,Estimated or not available if sales value is zero,3.00,Actual,
,,,,,,,,,FORD,42.301627,-83.232269,,,0.00,Estimated or not available if sales value is zero,0.00,Estimated or not available if sales value is zero,5.00,Modeled,
,,,,,,,,,FORD,42.69184,-82.966075,,,277925.00,Modeled,2.00,Modeled,2.00,Modeled,
,,,,,,,,,FORD,42.292827,-83.195112,,,0.00,Estimated or not available if sales value is zero,0.00,Estimated or not available if sales value is zero,12.00,Modeled,
,,,,,,,,,FORD,42.262523,-83.216999,,,0.00,Estimated or not available if sales value is zero,0.00,Estimated or not available if sales value is zero,1.00,Actual,
,,,,,,,,,FORD,42.327518,-83.211062,,,0.00,Estimated or not available if sales value is zero,0.00,Estimated or not available if sales value is zero,119.00,Modeled,
,,,,,,,,,FORD,42.288677,-83.197809,,,0.00,Estimated or not available if sales value is zero,0.00,Estimated or not available if sales value is zero,1.00,Actual,
,,,,,,,,,FORD,42.265643,-83.218731,,,217254.00,Modeled,3.00,Modeled,3.00,Modeled,
,,,,,,,,,FORD,42.32226,-83.17631,,,0.00,Estimated or not available if sales value is zero,0.00,Estimated or not available if sales value is zero,5.00,Modeled,
,,,,,,,,,FORD,42.300142,-83.233479,,,0.00,Estimated or not available if sales value is zero,0.00,Estimated or not available if sales value is zero,8.00,Modeled,
,,,,,,,,,FORD,42.295378,-83.212412,,,0.00,Estimated or not available if sales value is zero,0.00,Estimated or not available if sales value is zero,56.00,Modeled,
,,,,,,,,,FORD,42.294129,-83.200494,,,179745.00,Modeled,2.00,Modeled,2.00,Modeled,
,,,,,,,,,FORD,42.422033,-83.152331,,,70535.00,Modeled,10.00,Actual,10.00,Actual,
,,,,,,,,,FORD,42.293149,-83.19965,,,0.00,Estimated or not available if sales value is zero,0.00,Estimated or not available if sales value is zero,28.00,Modeled,
,,,,,,,,,FORD,42.293888,-83.219685,,,0.00,Estimated or not available if sales value is zero,0.00,Estimated or not available if sales value is zero,3.00,Modeled,
,,,,,,,,,FORD,42.323002,-83.22431,,,0.00,Estimated or not available if sales value is zero,0.00,Estimated or not available if sales value is zero,25.00,Modeled,
,,,,,,,,,FORD,42.303489,-83.262806,,,0.00,Estimated or not available if sales value is zero,0.00,Estimated or not available if sales value is zero,1.00,Modeled,
,,,,,,,,,FORD,42.160718,-83.238193,,,0.00,Estimated or not available if sales value is zero,0.00,Estimated or not available if sales value is zero,7.00,Modeled,
,,,,,,,,,FORD,42.289238,-83.190164,,,0.00,Estimated or not available if sales value is zero,0.00,Estimated or not available if sales value is zero,5.00,Actual,
,,,,,,,,,FORD,42.294853,-83.224285,,,0.00,Estimated or not available if sales value is zero,0.00,Estimated or not available if sales value is zero,187.00,Modeled,
,,,,,,,,,FORD,42.294853,-83.224285,,,0.00,Estimated or not available if sales value is zero,0.00,Estimated or not available if sales value is zero,3.00,Modeled,
,,,,,,,,,FORD,42.294853,-83.224285,,,0.00,Estimated or not available if sales value is zero,0.00,Estimated or not available if sales value is zero,6.00,Modeled,
,,,,,,,,,FORD,42.294912,-83.28942,,,2137800.00,Modeled,2.00,Actual,2.00,Actual,
,,,,,,,,,FORD,42.436392,-83.351321,,,179745.00,Modeled,2.00,Modeled,2.00,Modeled,
,,,,,,,,,FORD,42.293426,-83.226694,,,0.00,Estimated or not available if sales value is zero,0.00,Estimated or not available if sales value is zero,9.00,Modeled,
,,,,,,,,,FORD,42.294456,-83.231456,,,0.00,Estimated or not available if sales value is zero,0.00,Estimated or not available if sales value is zero,9.00,Modeled,
,,,,,,,,,FORD,42.560827,-83.507414,,,0.00,Estimated or not available if sales value is zero,0.00,Estimated or not available if sales value is zero,5.00,Modeled,
,,,,,,,,,FORD,42.2932,-83.230364,,,0.00,Estimated or not available if sales value is zero,0.00,Estimated or not available if sales value is zero,11.00,Modeled,
,,,,,,,,,FORD,42.864797,-83.147038,,,262712.00,Modeled,2.00,Modeled,2.00,Modeled,
,,,,,,,,,FORD,42.292509,-83.234456,,,0.00,Estimated or not available if sales value is zero,0.00,Estimated or not available if sales value is zero,12.00,Modeled,
,,,,,,,,,FORD,42.300422,-83.231634,,,0.00,Estimated or not available if sales value is zero,0.00,Estimated or not available if sales value is zero,242.00,Modeled,
,,,,,,,,,FORD,42.149859,-83.235492,,,0.00,Estimated or not available if sales value is zero,0.00,Estimated or not available if sales value is zero,1250.00,Actual,
,,,,,,,,,FORD,42.298934,-83.238784,,,0.00,Estimated or not available if sales value is zero,0.00,Estimated or not available if sales value is zero,200.00,Actual,
,,,,,,,,,FORD,42.2677,-83.242498,,,0.00,Estimated or not available if sales value is zero,0.00,Estimated or not available if sales value is zero,12.00,Modeled,
,,,,,,,,,FORD,42.297976,-83.235555,,,5903441.00,Modeled,23.00,Modeled,23.00,Modeled,
,,,,,,,,,FORD,42.297976,-83.235555,,,246737.00,Modeled,2.00,Modeled,2.00,Modeled,
,,,,,,,,,FORD,42.300386,-83.239913,,,0.00,Estimated or not available if sales value is zero,0.00,Estimated or not available if sales value is zero,35.00,Modeled,
,,,,,,,,,FORD,42.300386,-83.239913,,,0.00,Estimated or not available if sales value is zero,0.00,Estimated or not available if sales value is zero,3.00,Modeled,
,,,,,,,,,FORD,42.3016,-83.2373,,,0.00,Estimated or not available if sales value is zero,0.00,Estimated or not available if sales value is zero,3.00,Modeled,
,,,,,,,,,FORD,42.3016,-83.2373,,,0.00,Estimated or not available if sales value is zero,0.00,Estimated or not available if sales value is zero,4.00,Modeled,
,,,,,,,,,FORD,42.300386,-83.239913,,,0.00,Estimated or not available if sales value is zero,0.00,Estimated or not available if sales value is zero,3.00,Modeled,
,,,,,,,,,FORD,42.302827,-83.237954,,,0.00,Estimated or not available if sales value is zero,0.00,Estimated or not available if sales value is zero,243.00,Actual,
,,,,,,,,,FORD,42.326701,-83.268193,,,438148.00,Modeled,4.00,Modeled,4.00,Modeled,
,,,,,,,,,FORD,42.293651,-83.241476,,,0.00,Estimated or not available if sales value is zero,0.00,Estimated or not available if sales value is zero,7.00,Modeled,
,,,,,,,,,FORD,42.129908,-83.258938,,,0.00,Estimated or not available if sales value is zero,0.00,Estimated or not available if sales value is zero,1.00,Actual,
,,,,,,,,,FORD,42.378893,-83.284391,,,0.00,Estimated or not available if sales value is zero,0.00,Estimated or not available if sales value is zero,2.00,Actual,
,,,,,,,,,FORD,42.182847,-83.278303,,,0.00,Estimated or not available if sales value is zero,0.00,Estimated or not available if sales value is zero,8.00,Modeled,
,,,,,,,,,FORD,42.379508,-83.286042,,,155348.00,Modeled,2.00,Modeled,2.00,Modeled,
,,,,,,,,,FORD,42.176487,-83.281661,,,0.00,Estimated or not available if sales value is zero,0.00,Estimated or not available if sales value is zero,6.00,Actual,
,,,,,,,,,FORD,42.22226,-83.3966,,,0.00,Estimated or not available if sales value is zero,0.00,Estimated or not available if sales value is zero,3.00,Modeled,
,,,,,,,,,FORD,42.560322,-82.849744,,,251362.00,Modeled,1.00,Modeled,1.00,Modeled,
,,,,,,,,,FORD,42.115357,-83.218447,,,0.00,Estimated or not available if sales value is zero,0.00,Estimated or not available if sales value is zero,4.00,Modeled,
,,,,,,,,,FORD,42.483722,-83.315953,,,234246.00,Modeled,2.00,Modeled,2.00,Modeled,
,,,,,,,,,FORD,42.326575,-83.312157,,,282295.00,Modeled,2.00,Modeled,2.00,Modeled,
,,,,,,,,,FORD,42.497937,-83.367715,,,0.00,Estimated or not available if sales value is zero,0.00,Estimated or not available if sales value is zero,3.00,Actual,
,,,,,,,,,FORD,42.102857,-83.22831,,,110000.00,Modeled,1.00,Actual,1.00,Actual,
,,,,,,,,,FORD,42.575549,-83.202908,,,958034.00,Modeled,8.00,Modeled,8.00,Modeled,
,,,,,,,,,FORD,42.379049,-83.322679,,,0.00,Actual,0.00,Estimated or not available if sales value is zero,0.00,Actual,
,,,,,,,,,FORD,42.320746,-83.218239,,,0.00,Estimated or not available if sales value is zero,0.00,Estimated or not available if sales value is zero,4.00,Modeled,
,,,,,,,,,FORD,42.375053,-83.334008,,,0.00,Estimated or not available if sales value is zero,0.00,Estimated or not available if sales value is zero,3.00,Modeled,
,,,,,,,,,FORD,42.333523,-83.335024,,,767275.00,Modeled,2.00,Actual,2.00,Actual,
,,,,,,,,,FORD,42.324843,-83.209364,,,0.00,Estimated or not available if sales value is zero,0.00,Estimated or not available if sales value is zero,9.00,Modeled,
,,,,,,,,,FORD,42.329943,-83.039971,,,0.00,Estimated or not available if sales value is zero,0.00,Estimated or not available if sales value is zero,1500.00,Actual,
,,,,,,,,,FORD,42.329943,-83.039971,,,0.00,Estimated or not available if sales value is zero,0.00,Estimated or not available if sales value is zero,35.00,Actual,
,,,,,,,,,FORD,42.320432,-83.217229,,,0.00,Estimated or not available if sales value is zero,0.00,Estimated or not available if sales value is zero,6.00,Modeled,
,,,,,,,,,FORD,42.309371,-83.15849,,,0.00,Estimated or not available if sales value is zero,0.00,Estimated or not available if sales value is zero,1297.00,Actual,
,,,,,,,,,FORD,42.516995,-82.984358,,,278315.00,Modeled,1.00,Modeled,1.00,Modeled,
,,,,,,,,,FORD,42.308622,-83.15169,,,150729.00,Modeled,12.00,Modeled,12.00,Modeled,
,,,,,,,,,FORD,42.315593,-83.344893,,,179745.00,Modeled,2.00,Modeled,2.00,Modeled,
,,,,,,,,,FORD,42.401695,-83.366927,,,1328349.00,Modeled,2.00,Actual,2.00,Actual,
,,,,,,,,,FORD,42.298343,-83.196988,,,0.00,Estimated or not available if sales value is zero,0.00,Estimated or not available if sales value is zero,5.00,Modeled,
,,,,,,,,,FORD,42.43927,-83.378382,,,0.00,Estimated or not available if sales value is zero,0.00,Estimated or not available if sales value is zero,3.00,Modeled,
,,,,,,,,,FORD,42.31053,-83.371249,,,286447.00,Modeled,4.00,Modeled,4.00,Modeled,
,,,,,,,,,FORD,42.324002,-83.389619,,,497236.00,Modeled,2.00,Modeled,2.00,Modeled,
,,,,,,,,,FORD,42.371224,-83.391167,,,0.00,Estimated or not available if sales value is zero,0.00,Estimated or not available if sales value is zero,1420.00,Actual,
,,,,,,,,,FORD,42.367994,-83.393794,,,0.00,Estimated or not available if sales value is zero,0.00,Estimated or not available if sales value is zero,5.00,Modeled,
,,,,,,,,,FORD,42.324681,-83.394853,,,516371.00,Modeled,2.00,Modeled,2.00,Modeled,
,,,,,,,,,FORD,42.2357,-83.3332,,,0.00,Estimated or not available if sales value is zero,0.00,Estimated or not available if sales value is zero,12.00,Modeled,
,,,,,,,,,FORD,42.316495,-83.161914,,,179745.00,Modeled,2.00,Modeled,2.00,Modeled,
,,,,,,,,,FORD,42.371917,-83.391868,,,0.00,Estimated or not available if sales value is zero,0.00,Estimated or not available if sales value is zero,244.00,Modeled,
,,,,,,,,,FORD,42.371917,-83.391868,,,0.00,Estimated or not available if sales value is zero,0.00,Estimated or not available if sales value is zero,4.00,Modeled,
,,,,,,,,,FORD,42.499773,-83.404843,,,0.00,Estimated or not available if sales value is zero,0.00,Estimated or not available if sales value is zero,3.00,Modeled,
,,,,,,,,,FORD,42.424986,-83.406752,,,53338.00,Modeled,2.00,Modeled,2.00,Modeled,
,,,,,,,,,FORD,42.36837,-83.35271,,,0.00,Estimated or not available if sales value is zero,0.00,Estimated or not available if sales value is zero,13.00,Actual,
,,,,,,,,,FORD,42.26958,-83.408118,,,0.00,Estimated or not available if sales value is zero,0.00,Estimated or not available if sales value is zero,1.00,Actual,
,,,,,,,,,FORD,42.276779,-83.40813,,,0.00,Estimated or not available if sales value is zero,0.00,Estimated or not available if sales value is zero,4.00,Actual,
,,,,,,,,,FORD,42.477596,-83.421521,,,224953.00,Modeled,5.00,Modeled,5.00,Modeled,
,,,,,,,,,FORD,42.374561,-83.417258,,,0.00,Estimated or not available if sales value is zero,0.00,Estimated or not available if sales value is zero,15.00,Actual,
,,,,,,,,,FORD,42.271446,-83.41312,,,0.00,Estimated or not available if sales value is zero,0.00,Estimated or not available if sales value is zero,3.00,Modeled,
,,,,,,,,,FORD,42.275211,-83.414833,,,0.00,Estimated or not available if sales value is zero,0.00,Estimated or not available if sales value is zero,97.00,Modeled,
,,,,,,,,,FORD,42.586559,-83.047478,,,4794263.00,Modeled,23.00,Modeled,23.00,Modeled,
,,,,,,,,,FORD,42.469471,-83.43427,,,6837426.00,Modeled,92.00,Actual,92.00,Actual,
,,,,,,,,,FORD,42.328896,-83.039852,,,0.00,Estimated or not available if sales value is zero,0.00,Estimated or not available if sales value is zero,2.00,Modeled,
,,,,,,,,,FORD,42.297246,-83.20457,,,0.00,Estimated or not available if sales value is zero,0.00,Estimated or not available if sales value is zero,30.00,Actual,
,,,,,,,,,FORD,42.359988,-83.442182,,,1927337.00,Modeled,5.00,Modeled,2.00,Modeled,
,,,,,,,,,FORD,42.599411,-83.034451,,,0.00,Estimated or not available if sales value is zero,0.00,Estimated or not available if sales value is zero,1300.00,Actual,
,,,,,,,,,FORD,42.322562,-83.4484,,,222438.00,Modeled,5.00,Actual,5.00,Actual,
,,,,,,,,,FORD,42.312412,-83.451328,,,28249.00,Modeled,2.00,Modeled,2.00,Modeled,
,,,,,,,,,FORD,42.244114,-83.452414,,,0.00,Estimated or not available if sales value is zero,0.00,Estimated or not available if sales value is zero,2.00,Modeled,
,,,,,,,,,FORD,42.479829,-83.473487,,,187030.00,Modeled,3.00,Modeled,3.00,Modeled,
,,,,,,,,,FORD,42.231013,-83.490405,,,115858.00,Modeled,3.00,Modeled,3.00,Modeled,
,,,,,,,,,FORD,42.321602,-83.498559,,,239344.00,Modeled,2.00,Actual,2.00,Actual,
,,,,,,,,,FORD,42.419043,-83.502194,,,285159.00,Modeled,1.00,Modeled,1.00,Modeled,
,,,,,,,,,FORD,42.306149,-83.501652,,,277925.00,Modeled,2.00,Modeled,2.00,Modeled,
,,,,,,,,,FORD,42.646255,-83.334523,,,351341.00,Modeled,1.00,Modeled,1.00,Modeled,
,,,,,,,,,FORD,42.320788,-83.205405,,,0.00,Estimated or not available if sales value is zero,0.00,Estimated or not available if sales value is zero,245.00,Modeled,
,,,,,,,,,FORD,42.412139,-83.514489,,,296044.00,Modeled,2.00,Modeled,2.00,Modeled,
,,,,,,,,,FORD,42.454472,-83.521903,,,171028.00,Modeled,2.00,Modeled,2.00,Modeled,
,,,,,,,,,FORD,42.409739,-83.523344,,,277925.00,Modeled,2.00,Modeled,2.00,Modeled,
,,,,,,,,,FORD,42.330137,-83.144791,,,1736133.00,Modeled,41.00,Actual,15.00,Modeled,
,,,,,,,,,FORD,42.306582,-83.531565,,,278315.00,Modeled,1.00,Modeled,1.00,Modeled,
,,,,,,,,,FORD,42.312833,-83.251603,,,277925.00,Modeled,2.00,Modeled,2.00,Modeled,
,,,,,,,,,FORD,42.317874,-83.217138,,,0.00,Estimated or not available if sales value is zero,0.00,Estimated or not available if sales value is zero,2.00,Actual,
,,,,,,,,,FORD,42.338906,-83.150932,,,0.00,Estimated or not available if sales value is zero,0.00,Estimated or not available if sales value is zero,13.00,Modeled,
,,,,,,,,,FORD,42.323858,-83.221233,,,0.00,Estimated or not available if sales value is zero,0.00,Estimated or not available if sales value is zero,6.00,Actual,
,,,,,,,,,FORD,42.597199,-83.093112,,,616442.00,Modeled,2.00,Actual,2.00,Actual,
,,,,,,,,,FORD,42.327832,-83.222261,,,0.00,Estimated or not available if sales value is zero,0.00,Estimated or not available if sales value is zero,2.00,Actual,
,,,,,,,,,FORD,42.500441,-83.626446,,,165355.00,Modeled,12.00,Modeled,12.00,Modeled,
,,,,,,,,,FORD,42.333408,-83.211257,,,0.00,Estimated or not available if sales value is zero,0.00,Estimated or not available if sales value is zero,6.00,Modeled,
,,,,,,,,,FORD,42.547935,-83.377214,,,138028.00,Modeled,3.00,Modeled,3.00,Modeled,
,,,,,,,,,FORD,42.336722,-83.272546,,,319333.00,Modeled,1.00,Modeled,1.00,Modeled,
,,,,,,,,,FORD,42.603979,-83.41635,,,179745.00,Modeled,1.00,Modeled,1.00,Modeled,
,,,,,,,,,FORD,42.342135,-83.196626,,,291373.00,Modeled,1.00,Modeled,1.00,Modeled,
,,,,,,,,,FORD,42.2598,-83.2124,,,0.00,Estimated or not available if sales value is zero,0.00,Estimated or not available if sales value is zero,4.00,Modeled,
,,,,,,,,,FORD,42.806868,-82.997463,,,0.00,Estimated or not available if sales value is zero,0.00,Estimated or not available if sales value is zero,1584.00,Actual,
,,,,,,,,,FORD,42.84065,-83.073601,,,0.00,Estimated or not available if sales value is zero,0.00,Estimated or not available if sales value is zero,199.00,Modeled,
,,,,,,,,,FORD,42.316612,-83.227043,,,0.00,Estimated or not available if sales value is zero,0.00,Estimated or not available if sales value is zero,7.00,Modeled,
,,,,,,,,,FORD,42.297397,-83.200141,,,0.00,Estimated or not available if sales value is zero,0.00,Estimated or not available if sales value is zero,6.00,Modeled,
,,,,,,,,,FORD,42.460015,-83.025001,,,300209.00,Modeled,1.00,Modeled,1.00,Modeled,
,,,,,,,,,FORD,42.330338,-83.143279,,,247133.00,Modeled,2.00,Actual,2.00,Actual,
,,,,,,,,,FORD,42.353402,-83.331848,,,291373.00,Modeled,1.00,Modeled,1.00,Modeled,
,,,,,,,,,FORD,42.313425,-83.20883,,,0.00,Estimated or not available if sales value is zero,0.00,Estimated or not available if sales value is zero,12.00,Actual,
,,,,,,,,,FORD,42.3115,-83.1913,,,0.00,Estimated or not available if sales value is zero,0.00,Estimated or not available if sales value is zero,1.00,Modeled,
,,,,,,,,,FORD,42.3293,-83.1884,,,0.00,Estimated or not available if sales value is zero,0.00,Estimated or not available if sales value is zero,11.00,Actual,
,,,,,,,,,FORD,42.313425,-83.20883,,,0.00,Estimated or not available if sales value is zero,0.00,Estimated or not available if sales value is zero,20.00,Actual,
,,,,,,,,,FORD,42.4365,-83.4954,,,262712.00,Modeled,1.00,Modeled,1.00,Modeled,
,,,,,,,,,FORD,42.3287,-83.1904,,,110000.00,Modeled,1.00,Modeled,1.00,Modeled,
,,,,,,,,,FORD,42.3293,-83.1884,,,91000.00,Modeled,1.00,Modeled,1.00,Modeled,
,,,,,,,,,FORD,42.3293,-83.1884,,,69676.00,Modeled,1.00,Modeled,1.00,Modeled,
,,,,,,,,,FORD,42.3115,-83.1913,,,0.00,Estimated or not available if sales value is zero,0.00,Estimated or not available if sales value is zero,11.00,Modeled,
,,,,,,,,,FORD,42.3115,-83.1913,,,0.00,Estimated or not available if sales value is zero,0.00,Estimated or not available if sales value is zero,59.00,Modeled,
,,,,,,,,,FORD,42.3293,-83.1884,,,0.00,Estimated or not available if sales value is zero,0.00,Estimated or not available if sales value is zero,49.00,Modeled,
,,,,,,,,,FCA,42.654583,-83.229832,,,6785226,Modeled,14,Modeled,14,Modeled,
,,,,,,,,,FCA,42.654245,-83.211865,,,398389,Modeled,4,Modeled,4,Modeled,
,,,,,,,,,FCA,42.22221,-83.37954,,,0,Estimated or not available if sales value is zero,0,Estimated or not available if sales value is zero,25,Modeled,
,,,,,,,,,FCA,42.697582,-83.137801,,,947732996,Modeled,113221,Actual,77817,Actual,
,,,,,,,,,FCA,42.403396,-83.073171,,,0,Estimated or not available if sales value is zero,0,Estimated or not available if sales value is zero,8,Modeled,
,,,,,,,,,FCA,42.374738,-83.213542,,,259779,Modeled,1,Modeled,1,Modeled,
,,,,,,,,,FCA,42.404802,-83.07642,,,0,Estimated or not available if sales value is zero,0,Estimated or not available if sales value is zero,127,Modeled,
,,,,,,,,,FCA,42.657745,-83.244565,,,0,Estimated or not available if sales value is zero,0,Estimated or not available if sales value is zero,37,Actual,
,,,,,,,,,FCA,42.376301,-83.183673,,,0,Estimated or not available if sales value is zero,0,Estimated or not available if sales value is zero,5,Actual,
,,,,,,,,,FCA,42.646623,-83.630357,,,0,Estimated or not available if sales value is zero,0,Estimated or not available if sales value is zero,5,Actual,
,,,,,,,,,FCA,42.60971,-82.887272,,,0,Estimated or not available if sales value is zero,0,Estimated or not available if sales value is zero,195,Actual,
,,,,,,,,,FCA,42.182022,-83.391909,,,0,Estimated or not available if sales value is zero,0,Estimated or not available if sales value is zero,27,Modeled,
,,,,,,,,,FCA,42.553772,-83.173851,,,2421552,Modeled,4,Actual,4,Actual,
,,,,,,,,,FCA,42.55245,-83.17347,,,2127236,Modeled,102,Actual,25,Modeled,
,,,,,,,,,FCA,42.368204,-83.346659,,,2210041,Modeled,44,Actual,44,Actual,
,,,,,,,,,FCA,42.135192,-83.188107,,,0,Estimated or not available if sales value is zero,0,Estimated or not available if sales value is zero,127,Modeled,
,,,,,,,,,FCA,42.443282,-83.017277,,,0,Estimated or not available if sales value is zero,0,Estimated or not available if sales value is zero,146,Modeled,
,,,,,,,,,FCA,42.373187,-82.967123,,,0,Estimated or not available if sales value is zero,0,Estimated or not available if sales value is zero,231,Modeled,
,,,,,,,,,FCA,42.455302,-83.035901,,,0,Estimated or not available if sales value is zero,0,Estimated or not available if sales value is zero,38,Modeled,
,,,,,,,,,FCA,42.460589,-83.041162,,,0,Estimated or not available if sales value is zero,0,Estimated or not available if sales value is zero,57,Modeled,
,,,,,,,,,FCA,42.460561,-83.041265,,,0,Estimated or not available if sales value is zero,0,Estimated or not available if sales value is zero,221,Modeled,
,,,,,,,,,FCA,42.12852,-83.192949,,,1288930,Modeled,24,Modeled,24,Modeled,
,,,,,,,,,FCA,42.679457,-83.243923,,,0,Estimated or not available if sales value is zero,0,Estimated or not available if sales value is zero,11,Modeled,
,,,,,,,,,FCA,42.459585,-83.078624,,,0,Estimated or not available if sales value is zero,0,Estimated or not available if sales value is zero,4,Actual,
,,,,,,,,,FCA,42.654364,-83.578582,,,1849321,Modeled,4,Actual,4,Actual,
,,,,,,,,,FCA,42.485114,-82.943665,,,3283471,Modeled,150,Actual,130,Actual,
,,,,,,,,,FCA,42.486114,-83.033233,,,0,Estimated or not available if sales value is zero,0,Estimated or not available if sales value is zero,110,Modeled,
,,,,,,,,,FCA,42.559014,-83.188036,,,0,Estimated or not available if sales value is zero,0,Estimated or not available if sales value is zero,12,Modeled,
,,,,,,,,,FCA,42.548176,-82.993011,,,0,Estimated or not available if sales value is zero,0,Estimated or not available if sales value is zero,26,Modeled,
,,,,,,,,,FCA,42.558451,-83.033437,,,0,Estimated or not available if sales value is zero,0,Estimated or not available if sales value is zero,57,Actual,
,,,,,,,,,FCA,42.443078,-83.040259,,,0,Estimated or not available if sales value is zero,0,Estimated or not available if sales value is zero,37,Modeled,
,,,,,,,,,FCA,42.375494,-83.409954,,,0,Estimated or not available if sales value is zero,0,Estimated or not available if sales value is zero,20,Actual,
,,,,,,,,,FCA,42.573333,-83.035376,,,0,Estimated or not available if sales value is zero,0,Estimated or not available if sales value is zero,128,Modeled,
,,,,,,,,,FCA,42.383515,-82.97656,,,0,Estimated or not available if sales value is zero,0,Estimated or not available if sales value is zero,79,Modeled,
,,,,,,,,,FCA,42.592156,-83.029447,,,180236,Modeled,3,Modeled,3,Modeled,
,,,,,,,,,FCA,42.385816,-82.979752,,,0,Estimated or not available if sales value is zero,0,Estimated or not available if sales value is zero,27,Modeled,
,,,,,,,,,FCA,42.332822,-83.154588,,,0,Estimated or not available if sales value is zero,0,Estimated or not available if sales value is zero,14,Modeled,
,,,,,,,,,FCA,42.406514,-83.033133,,,0,Estimated or not available if sales value is zero,0,Estimated or not available if sales value is zero,14,Modeled,
,,,,,,,,,FCA,42.458366,-83.036946,,,0,Estimated or not available if sales value is zero,0,Estimated or not available if sales value is zero,53,Modeled,
,,,,,,,,,FCA,42.791962,-82.739246,,,157174,Modeled,3,Modeled,3,Modeled,
,,,,,,,,,FCA,42.462561,-83.034089,,,0,Estimated or not available if sales value is zero,0,Estimated or not available if sales value is zero,3,Actual,
,,,,,,,,,FCA,42.563673,-83.037357,,,0,Estimated or not available if sales value is zero,0,Estimated or not available if sales value is zero,23,Modeled,
,,,,,,,,,FCA,42.331384,-83.048149,,,0,Estimated or not available if sales value is zero,0,Estimated or not available if sales value is zero,13,Modeled,
,,,,,,,,,FCA,42.655203,-83.22562,,,0,Estimated or not available if sales value is zero,0,Estimated or not available if sales value is zero,2300,Actual,
,,,,,,,,,FCA,42.3991,-82.917173,,,350465,Modeled,3,Modeled,3,Modeled,
,,,,,,,,,FCA,42.657741,-83.316948,,,119708,Modeled,5,Actual,5,Actual,